Recall@10,MAP@10,MIUF@10,Siren@10,PopInt@10,RecallNoPop@10,model,B,K,K1
0.11217229763378245,0.041432032648239116,5.158008802640184,0.00020292408413914563,0.10447329102298741,0.06526827770329505,bm25,0.5,100,0.5
0.11599277545710701,0.04263854171949619,5.118927724420575,0.0001999961596453914,0.11129521746878132,0.06527937795830287,bm25,0.5,150,0.5
0.11849024455075999,0.04330680019461248,5.10328053984697,0.0001977280866874755,0.11505709155209519,0.06542228459385567,bm25,0.5,250,0.5
0.11790242204604465,0.04294449271563362,5.112806909532069,0.0001981437611493202,0.11589132729291465,0.06487339634232148,bm25,0.5,400,0.5
