Recall@100,MAP@100,MIUF@100,Siren@100,PopInt@100,RecallNoPop@100,model,min_user_inters,B,K,K1
0.2946900883644211,0.03553162599050375,5.840091483442723,0.0001200161477953771,0.40768855695808376,0.11946141169083782,bm25,10,0.45,200,1.2
0.29338518205747804,0.03518140752693688,5.860202084543521,0.00012103627450277161,0.403212397709929,0.11981581891865546,bm25,10,0.45,200,1.25
0.2919600605968334,0.034852239091418144,5.880067706711629,0.00012203189859895807,0.3986214046617615,0.12028671663585702,bm25,10,0.45,200,1.3
0.2846145793491863,0.03329386847548122,5.972496813500881,0.00012694767594895943,0.37819285378977485,0.12164409027362262,bm25,10,0.5,200,1.2
0.28301987777621695,0.032921645924720265,5.995487824217544,0.00012812927981366184,0.373100229526063,0.12220142292677981,bm25,10,0.5,200,1.25
0.28172474494075445,0.032621848912853746,6.016528437493108,0.0001292378850120736,0.36880988495389416,0.12262947736101576,bm25,10,0.5,200,1.3
0.2748879406117447,0.031299902744182685,6.1033043413465276,0.00013361548671367516,0.3506623466386109,0.12381079869637847,bm25,10,0.55,200,1.2
0.27302907384426134,0.030968056128496225,6.1277589344746355,0.0001347406128275611,0.3456316212843552,0.12418314697198164,bm25,10,0.55,200,1.25
0.271600658894623,0.03068540458989163,6.150777875828357,0.00013585510900667992,0.3409851692666253,0.12456033949772183,bm25,10,0.55,200,1.3
